<!DOCTYPE hibernate-configuration PUBLIC 
    "-//Hibernate/Hibernate Configuration DTD 3.0//EN" 
    "http://hibernate.sourceforge.net/hibernate-configuration-3.0.dtd">
<hibernate-configuration>
    <session-factory>

        <!-- Database Connection Properties -->
        <property name="hibernate.connection.driver_class">org.mariadb.jdbc.Driver</property>
        <property name="hibernate.connection.url">jdbc:mariadb://localhost:3306/labexam</property>
        <property name="hibernate.connection.username">root</property>
        <property name="hibernate.connection.password">password</property>

        <!-- Hibernate Dialect -->
        <property name="hibernate.dialect">org.hibernate.dialect.MariaDBDialect</property>

        <!-- Hibernate Settings -->
        <property name="hibernate.show_sql">true</property>
        <property name="hibernate.format_sql">true</property>
        <property name="hibernate.hbm2ddl.auto">update</property>

        <!-- Mapped Entity Classes -->
        <mapping class="com.klef.jfsd.exam.Vehicle"/>
        <mapping class="com.klef.jfsd.exam.Car"/>
        <mapping class="com.klef.jfsd.exam.Truck"/>

    </session-factory>
</hibernate-configuration>
